<metadata xml:lang="es"><Esri><CreaDate>20190201</CreaDate><CreaTime>09162500</CreaTime><ArcGISFormat>1.0</ArcGISFormat><SyncOnce>FALSE</SyncOnce><DataProperties><itemProps><itemName Sync="TRUE">47047_PARFE</itemName><imsContentType Sync="TRUE">002</imsContentType><itemLocation><linkage Sync="TRUE">file://\\JAGITA46W3111\D$\MUNICIPIOS_20\PARCELAS\SHP\47047_PARFE.shp</linkage><protocol Sync="TRUE">Local Area Network</protocol></itemLocation><itemSize Sync="TRUE">0.000</itemSize></itemProps><coordRef><type Sync="TRUE">Geographic</type><geogcsn Sync="TRUE">GCS_ETRS_1989</geogcsn><csUnits Sync="TRUE">Angular Unit: Degree (0.017453)</csUnits><peXml Sync="TRUE">&lt;GeographicCoordinateSystem xsi:type='typens:GeographicCoordinateSystem' xmlns:xsi='http://www.w3.org/2001/XMLSchema-instance' xmlns:xs='http://www.w3.org/2001/XMLSchema' xmlns:typens='http://www.esri.com/schemas/ArcGIS/10.7'&gt;&lt;WKT&gt;GEOGCS[&amp;quot;GCS_ETRS_1989&amp;quot;,DATUM[&amp;quot;D_ETRS_1989&amp;quot;,SPHEROID[&amp;quot;GRS_1980&amp;quot;,6378137.0,298.257222101]],PRIMEM[&amp;quot;Greenwich&amp;quot;,0.0],UNIT[&amp;quot;Degree&amp;quot;,0.0174532925199433],AUTHORITY[&amp;quot;EPSG&amp;quot;,4258]]&lt;/WKT&gt;&lt;XOrigin&gt;-400&lt;/XOrigin&gt;&lt;YOrigin&gt;-400&lt;/YOrigin&gt;&lt;XYScale&gt;11258999068426.238&lt;/XYScale&gt;&lt;ZOrigin&gt;-100000&lt;/ZOrigin&gt;&lt;ZScale&gt;10000&lt;/ZScale&gt;&lt;MOrigin&gt;-100000&lt;/MOrigin&gt;&lt;MScale&gt;10000&lt;/MScale&gt;&lt;XYTolerance&gt;8.9831528411952133e-09&lt;/XYTolerance&gt;&lt;ZTolerance&gt;0.001&lt;/ZTolerance&gt;&lt;MTolerance&gt;0.001&lt;/MTolerance&gt;&lt;HighPrecision&gt;true&lt;/HighPrecision&gt;&lt;LeftLongitude&gt;-180&lt;/LeftLongitude&gt;&lt;WKID&gt;4258&lt;/WKID&gt;&lt;LatestWKID&gt;4258&lt;/LatestWKID&gt;&lt;/GeographicCoordinateSystem&gt;</peXml></coordRef><lineage><Process ToolSource="c:\program files (x86)\arcgis\desktop10.5\ArcToolbox\Toolboxes\Conversion Tools.tbx\FeatureClassToFeatureClass" Date="20190201" Time="182728">FeatureClassToFeatureClass D:\asp19\parcela.gdb\parcela\parcela "Database Connections\ita_comun@r_web.sde\ITA_COMUN.sigpac19_tmp" parcelas # "dn_oid "dn_oid" true true false 21 Text 0 0 ,First,#,D:\asp19\parcela.gdb\parcela\parcela,dn_oid,-1,-1;dn_pk "dn_pk" true true false 21 Text 0 0 ,First,#,D:\asp19\parcela.gdb\parcela\parcela,dn_pk,-1,-1;dn_version "dn_version" true true false 4 Long 0 0 ,First,#,D:\asp19\parcela.gdb\parcela\parcela,dn_version,-1,-1;dn_initialdate "dn_initialdate" true true false 8 Date 0 0 ,First,#,D:\asp19\parcela.gdb\parcela\parcela,dn_initialdate,-1,-1;dn_enddate "dn_enddate" true true false 8 Date 0 0 ,First,#,D:\asp19\parcela.gdb\parcela\parcela,dn_enddate,-1,-1;dn_surface "dn_surface" true true false 8 Double 0 0 ,First,#,D:\asp19\parcela.gdb\parcela\parcela,dn_surface,-1,-1;dn_perimeter "dn_perimeter" true true false 8 Double 0 0 ,First,#,D:\asp19\parcela.gdb\parcela\parcela,dn_perimeter,-1,-1;provincia "provincia" true true false 4 Long 0 0 ,First,#,D:\asp19\parcela.gdb\parcela\parcela,provincia,-1,-1;municipio "municipio" true true false 4 Long 0 0 ,First,#,D:\asp19\parcela.gdb\parcela\parcela,municipio,-1,-1;poligono "poligono" true true false 4 Long 0 0 ,First,#,D:\asp19\parcela.gdb\parcela\parcela,poligono,-1,-1;agregado "agregado" true true false 4 Long 0 0 ,First,#,D:\asp19\parcela.gdb\parcela\parcela,agregado,-1,-1;parcela "parcela" true true false 4 Long 0 0 ,First,#,D:\asp19\parcela.gdb\parcela\parcela,parcela,-1,-1;zona "zona" true true false 4 Long 0 0 ,First,#,D:\asp19\parcela.gdb\parcela\parcela,zona,-1,-1;cat_id "cat_id" true true false 4 Long 0 0 ,First,#,D:\asp19\parcela.gdb\parcela\parcela,cat_id,-1,-1;cat_parcela "cat_parcela" true true false 4 Long 0 0 ,First,#,D:\asp19\parcela.gdb\parcela\parcela,cat_parcela,-1,-1;cat_fechaalta "cat_fechaalta" true true false 8 Date 0 0 ,First,#,D:\asp19\parcela.gdb\parcela\parcela,cat_fechaalta,-1,-1;referencia_cat "referencia_cat" true true false 20 Text 0 0 ,First,#,D:\asp19\parcela.gdb\parcela\parcela,referencia_cat,-1,-1" #</Process><Process ToolSource="c:\program files (x86)\arcgis\desktop10.5\ArcToolbox\Toolboxes\Conversion Tools.tbx\FeatureClassToFeatureClass" Date="20190204" Time="084608">FeatureClassToFeatureClass "Database Connections\ita_comun@r_web.sde\ITA_COMUN.sigpac19_tmp\ITA_COMUN.parcelas" "Database Connections\ita_comun@r_web.sde\ITA_COMUN.sigpac19_tmp" PARFE19_190103 1=2 "DN_OID "DN_OID" true true false 21 Text 0 0 ,First,#,Database Connections\ita_comun@r_web.sde\ITA_COMUN.sigpac19_tmp\ITA_COMUN.parcelas,DN_OID,-1,-1;DN_PK "DN_PK" true true false 21 Text 0 0 ,First,#,Database Connections\ita_comun@r_web.sde\ITA_COMUN.sigpac19_tmp\ITA_COMUN.parcelas,DN_PK,-1,-1;DN_VERSION "DN_VERSION" true true false 4 Long 0 10 ,First,#,Database Connections\ita_comun@r_web.sde\ITA_COMUN.sigpac19_tmp\ITA_COMUN.parcelas,DN_VERSION,-1,-1;DN_INITIALDATE "DN_INITIALDATE" true true false 8 Date 0 0 ,First,#,Database Connections\ita_comun@r_web.sde\ITA_COMUN.sigpac19_tmp\ITA_COMUN.parcelas,DN_INITIALDATE,-1,-1;DN_ENDDATE "DN_ENDDATE" true true false 8 Date 0 0 ,First,#,Database Connections\ita_comun@r_web.sde\ITA_COMUN.sigpac19_tmp\ITA_COMUN.parcelas,DN_ENDDATE,-1,-1;DN_SURFACE "DN_SURFACE" true true false 8 Double 8 38 ,First,#,Database Connections\ita_comun@r_web.sde\ITA_COMUN.sigpac19_tmp\ITA_COMUN.parcelas,DN_SURFACE,-1,-1;DN_PERIMETER "DN_PERIMETER" true true false 8 Double 8 38 ,First,#,Database Connections\ita_comun@r_web.sde\ITA_COMUN.sigpac19_tmp\ITA_COMUN.parcelas,DN_PERIMETER,-1,-1;PROVINCIA "PROVINCIA" true true false 4 Long 0 10 ,First,#,Database Connections\ita_comun@r_web.sde\ITA_COMUN.sigpac19_tmp\ITA_COMUN.parcelas,PROVINCIA,-1,-1;MUNICIPIO "MUNICIPIO" true true false 4 Long 0 10 ,First,#,Database Connections\ita_comun@r_web.sde\ITA_COMUN.sigpac19_tmp\ITA_COMUN.parcelas,MUNICIPIO,-1,-1;POLIGONO "POLIGONO" true true false 4 Long 0 10 ,First,#,Database Connections\ita_comun@r_web.sde\ITA_COMUN.sigpac19_tmp\ITA_COMUN.parcelas,POLIGONO,-1,-1;AGREGADO "AGREGADO" true true false 4 Long 0 10 ,First,#,Database Connections\ita_comun@r_web.sde\ITA_COMUN.sigpac19_tmp\ITA_COMUN.parcelas,AGREGADO,-1,-1;PARCELA "PARCELA" true true false 4 Long 0 10 ,First,#,Database Connections\ita_comun@r_web.sde\ITA_COMUN.sigpac19_tmp\ITA_COMUN.parcelas,PARCELA,-1,-1;ZONA "ZONA" true true false 4 Long 0 10 ,First,#,Database Connections\ita_comun@r_web.sde\ITA_COMUN.sigpac19_tmp\ITA_COMUN.parcelas,ZONA,-1,-1;CAT_ID "CAT_ID" true true false 4 Long 0 10 ,First,#,Database Connections\ita_comun@r_web.sde\ITA_COMUN.sigpac19_tmp\ITA_COMUN.parcelas,CAT_ID,-1,-1;CAT_PARCELA "CAT_PARCELA" true true false 4 Long 0 10 ,First,#,Database Connections\ita_comun@r_web.sde\ITA_COMUN.sigpac19_tmp\ITA_COMUN.parcelas,CAT_PARCELA,-1,-1;CAT_FECHAALTA "CAT_FECHAALTA" true true false 8 Date 0 0 ,First,#,Database Connections\ita_comun@r_web.sde\ITA_COMUN.sigpac19_tmp\ITA_COMUN.parcelas,CAT_FECHAALTA,-1,-1;REFERENCIA_CAT "REFERENCIA_CAT" true true false 20 Text 0 0 ,First,#,Database Connections\ita_comun@r_web.sde\ITA_COMUN.sigpac19_tmp\ITA_COMUN.parcelas,REFERENCIA_CAT,-1,-1;SHAPE_AREA "SHAPE_AREA" false false true 0 Double 0 0 ,First,#,Database Connections\ita_comun@r_web.sde\ITA_COMUN.sigpac19_tmp\ITA_COMUN.parcelas,SHAPE.AREA,-1,-1;SHAPE_LEN "SHAPE_LEN" false false true 0 Double 0 0 ,First,#,Database Connections\ita_comun@r_web.sde\ITA_COMUN.sigpac19_tmp\ITA_COMUN.parcelas,SHAPE.LEN,-1,-1" #</Process><Process ToolSource="c:\program files (x86)\arcgis\desktop10.7\ArcToolbox\Toolboxes\Conversion Tools.tbx\FeatureClassToFeatureClass" Date="20200226" Time="185424">FeatureClassToFeatureClass D:\MUNICIPIOS_20\CACHE_2020-01-02.gdb\SIGPAC_GEO\PARFE1 D:\MUNICIPIOS_20\CACHE_2020-01-02.gdb\SIGPAC_GEO PARFE2 "DN_OID =-1" "DN_OID "DN_OID" true true false 21 Text 0 0 ,First,#,D:\MUNICIPIOS_20\CACHE_2020-01-02.gdb\SIGPAC_GEO\PARFE1,DN_OID,-1,-1;SUPERFICIE "SUPERFICIE" true true false 8 Double 0 0 ,First,#,D:\MUNICIPIOS_20\CACHE_2020-01-02.gdb\SIGPAC_GEO\PARFE1,SUPERFICIE,-1,-1;PERIMETRO "PERIMETRO" true true false 8 Double 0 0 ,First,#,D:\MUNICIPIOS_20\CACHE_2020-01-02.gdb\SIGPAC_GEO\PARFE1,PERIMETRO,-1,-1;PROVINCIA "PROVINCIA" true true false 4 Long 0 0 ,First,#,D:\MUNICIPIOS_20\CACHE_2020-01-02.gdb\SIGPAC_GEO\PARFE1,PROVINCIA,-1,-1;MUNICIPIO "MUNICIPIO" true true false 4 Long 0 0 ,First,#,D:\MUNICIPIOS_20\CACHE_2020-01-02.gdb\SIGPAC_GEO\PARFE1,MUNICIPIO,-1,-1;POLIGONO "POLIGONO" true true false 4 Long 0 0 ,First,#,D:\MUNICIPIOS_20\CACHE_2020-01-02.gdb\SIGPAC_GEO\PARFE1,POLIGONO,-1,-1;AGREGADO "AGREGADO" true true false 4 Long 0 0 ,First,#,D:\MUNICIPIOS_20\CACHE_2020-01-02.gdb\SIGPAC_GEO\PARFE1,AGREGADO,-1,-1;PARCELA "PARCELA" true true false 4 Long 0 0 ,First,#,D:\MUNICIPIOS_20\CACHE_2020-01-02.gdb\SIGPAC_GEO\PARFE1,PARCELA,-1,-1;ZONA "ZONA" true true false 4 Long 0 0 ,First,#,D:\MUNICIPIOS_20\CACHE_2020-01-02.gdb\SIGPAC_GEO\PARFE1,ZONA,-1,-1;Shape_Length "Shape_Length" false true true 8 Double 0 0 ,First,#,D:\MUNICIPIOS_20\CACHE_2020-01-02.gdb\SIGPAC_GEO\PARFE1,Shape_Length,-1,-1;Shape_Area "Shape_Area" false true true 8 Double 0 0 ,First,#,D:\MUNICIPIOS_20\CACHE_2020-01-02.gdb\SIGPAC_GEO\PARFE1,Shape_Area,-1,-1;PROVMUNI "PROVMUNI" true true false 5 Text 0 0 ,First,#,D:\MUNICIPIOS_20\CACHE_2020-01-02.gdb\SIGPAC_GEO\PARFE1,PROVMUNI,-1,-1" #</Process><Process ToolSource="c:\program files (x86)\arcgis\desktop10.7\ArcToolbox\Toolboxes\Data Management Tools.tbx\CalculateField" Date="20200310" Time="142838">CalculateField D:\MUNICIPIOS_20\CACHE_2020-01-02.gdb\SIGPAC_GEO\PARFE PROVMUNI "right("00" &amp; [PROVINCIA] ,2) &amp; right("000" &amp; [MUNICIPIO] ,3) " VB #</Process><Process ToolSource="c:\program files (x86)\arcgis\desktop10.7\ArcToolbox\Toolboxes\Data Management Tools.tbx\CalculateField" Date="20200310" Time="144519">CalculateField PARFE PROVMUNI "right("00" &amp; [PROVINCIA] ,2) &amp; right("000" &amp; [MUNICIPIO] ,3) " VB #</Process><Process ToolSource="c:\program files (x86)\arcgis\desktop10.7\ArcToolbox\Toolboxes\Analysis Tools.tbx\Select" Date="20200314" Time="143919">Select D:\MUNICIPIOS_20\CACHE_2020-01-02.gdb\SIGPAC_GEO\PARFE D:\MUNICIPIOS_20\PARCELAS\SHP\47047_PARFE.shp ""PROVMUNI" = '47047'"</Process><Process ToolSource="c:\program files (x86)\arcgis\desktop10.7\ArcToolbox\Toolboxes\Data Management Tools.tbx\DeleteField" Date="20200314" Time="143919">DeleteField D:\MUNICIPIOS_20\PARCELAS\SHP\47047_PARFE.shp PROVMUNI</Process></lineage></DataProperties><SyncDate>20200314</SyncDate><SyncTime>14371200</SyncTime><ModDate>20200314</ModDate><ModTime>14371200</ModTime></Esri><dataIdInfo><envirDesc Sync="TRUE"> Version 6.2 (Build 9200) ; Esri ArcGIS 10.7.0.10450</envirDesc><dataLang><languageCode value="spa" Sync="TRUE"></languageCode><countryCode value="ESP" Sync="TRUE"></countryCode></dataLang><idCitation><resTitle Sync="TRUE">47047_PARFE</resTitle><presForm><PresFormCd value="005" Sync="TRUE"></PresFormCd></presForm></idCitation><spatRpType><SpatRepTypCd value="001" Sync="TRUE"></SpatRepTypCd></spatRpType></dataIdInfo><mdLang><languageCode value="spa" Sync="TRUE"></languageCode><countryCode value="ESP" Sync="TRUE"></countryCode></mdLang><distInfo><distFormat><formatName Sync="TRUE">Shapefile</formatName></distFormat><distTranOps><transSize Sync="TRUE">0.000</transSize></distTranOps></distInfo><mdHrLv><ScopeCd value="005" Sync="TRUE"></ScopeCd></mdHrLv><mdHrLvName Sync="TRUE">dataset</mdHrLvName><refSysInfo><RefSystem><refSysID><identCode code="4258" Sync="TRUE"></identCode><idCodeSpace Sync="TRUE">EPSG</idCodeSpace><idVersion Sync="TRUE">9.1.1(4.0.0)</idVersion></refSysID></RefSystem></refSysInfo><spatRepInfo><VectSpatRep><geometObjs Name="47047_PARFE"><geoObjTyp><GeoObjTypCd value="002" Sync="TRUE"></GeoObjTypCd></geoObjTyp><geoObjCnt Sync="TRUE">0</geoObjCnt></geometObjs><topLvl><TopoLevCd value="001" Sync="TRUE"></TopoLevCd></topLvl></VectSpatRep></spatRepInfo><spdoinfo><ptvctinf><esriterm Name="47047_PARFE"><efeatyp Sync="TRUE">Simple</efeatyp><efeageom code="4" Sync="TRUE"></efeageom><esritopo Sync="TRUE">FALSE</esritopo><efeacnt Sync="TRUE">0</efeacnt><spindex Sync="TRUE">FALSE</spindex><linrefer Sync="TRUE">FALSE</linrefer></esriterm></ptvctinf></spdoinfo><eainfo><detailed Name="47047_PARFE"><enttyp><enttypl Sync="TRUE">47047_PARFE</enttypl><enttypt Sync="TRUE">Feature Class</enttypt><enttypc Sync="TRUE">0</enttypc></enttyp><attr><attrlabl Sync="TRUE">FID</attrlabl><attalias Sync="TRUE">FID</attalias><attrtype Sync="TRUE">OID</attrtype><attwidth Sync="TRUE">4</attwidth><atprecis Sync="TRUE">0</atprecis><attscale Sync="TRUE">0</attscale><attrdef Sync="TRUE">Internal feature number.</attrdef><attrdefs Sync="TRUE">Esri</attrdefs><attrdomv><udom Sync="TRUE">Sequential unique whole numbers that are automatically generated.</udom></attrdomv></attr><attr><attrlabl Sync="TRUE">DN_OID</attrlabl><attalias Sync="TRUE">DN_OID</attalias><attrtype Sync="TRUE">String</attrtype><attwidth Sync="TRUE">21</attwidth><atprecis Sync="TRUE">0</atprecis><attscale Sync="TRUE">0</attscale></attr><attr><attrlabl Sync="TRUE">PROVINCIA</attrlabl><attalias Sync="TRUE">PROVINCIA</attalias><attrtype Sync="TRUE">Integer</attrtype><attwidth Sync="TRUE">10</attwidth><atprecis Sync="TRUE">10</atprecis><attscale Sync="TRUE">0</attscale></attr><attr><attrlabl Sync="TRUE">SUPERFICIE</attrlabl><attalias Sync="TRUE">SUPERFICIE</attalias><attrtype Sync="TRUE">Double</attrtype><attwidth Sync="TRUE">19</attwidth><atprecis Sync="TRUE">0</atprecis><attscale Sync="TRUE">0</attscale></attr><attr><attrlabl Sync="TRUE">PERIMETRO</attrlabl><attalias Sync="TRUE">PERIMETRO</attalias><attrtype Sync="TRUE">Double</attrtype><attwidth Sync="TRUE">19</attwidth><atprecis Sync="TRUE">0</atprecis><attscale Sync="TRUE">0</attscale></attr><attr><attrlabl Sync="TRUE">MUNICIPIO</attrlabl><attalias Sync="TRUE">MUNICIPIO</attalias><attrtype Sync="TRUE">Integer</attrtype><attwidth Sync="TRUE">10</attwidth><atprecis Sync="TRUE">10</atprecis><attscale Sync="TRUE">0</attscale></attr><attr><attrlabl Sync="TRUE">POLIGONO</attrlabl><attalias Sync="TRUE">POLIGONO</attalias><attrtype Sync="TRUE">Integer</attrtype><attwidth Sync="TRUE">10</attwidth><atprecis Sync="TRUE">10</atprecis><attscale Sync="TRUE">0</attscale></attr><attr><attrlabl Sync="TRUE">AGREGADO</attrlabl><attalias Sync="TRUE">AGREGADO</attalias><attrtype Sync="TRUE">Integer</attrtype><attwidth Sync="TRUE">10</attwidth><atprecis Sync="TRUE">10</atprecis><attscale Sync="TRUE">0</attscale></attr><attr><attrlabl Sync="TRUE">PARCELA</attrlabl><attalias Sync="TRUE">PARCELA</attalias><attrtype Sync="TRUE">Integer</attrtype><attwidth Sync="TRUE">10</attwidth><atprecis Sync="TRUE">10</atprecis><attscale Sync="TRUE">0</attscale></attr><attr><attrlabl Sync="TRUE">ZONA</attrlabl><attalias Sync="TRUE">ZONA</attalias><attrtype Sync="TRUE">Integer</attrtype><attwidth Sync="TRUE">10</attwidth><atprecis Sync="TRUE">10</atprecis><attscale Sync="TRUE">0</attscale></attr><attr><attrlabl Sync="TRUE">SHAPE</attrlabl><attalias Sync="TRUE">Shape</attalias><attrtype Sync="TRUE">Geometry</attrtype><attwidth Sync="TRUE">0</attwidth><atprecis Sync="TRUE">0</atprecis><attscale Sync="TRUE">0</attscale><attrdef Sync="TRUE">Feature geometry.</attrdef><attrdefs Sync="TRUE">Esri</attrdefs><attrdomv><udom Sync="TRUE">Coordinates defining the features.</udom></attrdomv></attr><attr><attrlabl Sync="TRUE">Shape_Leng</attrlabl><attalias Sync="TRUE">Shape_Leng</attalias><attrtype Sync="TRUE">Double</attrtype><attwidth Sync="TRUE">19</attwidth><atprecis Sync="TRUE">0</atprecis><attscale Sync="TRUE">0</attscale></attr><attr><attrlabl Sync="TRUE">PROVMUNI</attrlabl><attalias Sync="TRUE">PROVMUNI</attalias><attrtype Sync="TRUE">String</attrtype><attwidth Sync="TRUE">5</attwidth><atprecis Sync="TRUE">0</atprecis><attscale Sync="TRUE">0</attscale></attr><attr><attrlabl Sync="TRUE">Shape_Area</attrlabl><attalias Sync="TRUE">Shape_Area</attalias><attrtype Sync="TRUE">Double</attrtype><attwidth Sync="TRUE">19</attwidth><atprecis Sync="TRUE">0</atprecis><attscale Sync="TRUE">0</attscale><attrdef Sync="TRUE">Area of feature in internal units squared.</attrdef><attrdefs Sync="TRUE">Esri</attrdefs><attrdomv><udom Sync="TRUE">Positive real numbers that are automatically generated.</udom></attrdomv></attr></detailed></eainfo><mdDateSt Sync="TRUE">20200314</mdDateSt></metadata>
