<metadata xml:lang="es"><Esri><CreaDate>20190215</CreaDate><CreaTime>11524100</CreaTime><ArcGISFormat>1.0</ArcGISFormat><SyncOnce>FALSE</SyncOnce><DataProperties><itemProps><itemName Sync="TRUE">47047_RECFE</itemName><imsContentType Sync="TRUE">002</imsContentType><itemLocation><linkage Sync="TRUE">file://\\JAGITA46W3111\D$\MUNICIPIOS_20\RECINTOS\SHP\47047_RECFE.shp</linkage><protocol Sync="TRUE">Local Area Network</protocol></itemLocation><itemSize Sync="TRUE">0.000</itemSize></itemProps><coordRef><type Sync="TRUE">Geographic</type><geogcsn Sync="TRUE">GCS_ETRS_1989</geogcsn><csUnits Sync="TRUE">Angular Unit: Degree (0.017453)</csUnits><peXml Sync="TRUE">&lt;GeographicCoordinateSystem xsi:type='typens:GeographicCoordinateSystem' xmlns:xsi='http://www.w3.org/2001/XMLSchema-instance' xmlns:xs='http://www.w3.org/2001/XMLSchema' xmlns:typens='http://www.esri.com/schemas/ArcGIS/10.7'&gt;&lt;WKT&gt;GEOGCS[&amp;quot;GCS_ETRS_1989&amp;quot;,DATUM[&amp;quot;D_ETRS_1989&amp;quot;,SPHEROID[&amp;quot;GRS_1980&amp;quot;,6378137.0,298.257222101]],PRIMEM[&amp;quot;Greenwich&amp;quot;,0.0],UNIT[&amp;quot;Degree&amp;quot;,0.0174532925199433],AUTHORITY[&amp;quot;EPSG&amp;quot;,4258]]&lt;/WKT&gt;&lt;XOrigin&gt;-400&lt;/XOrigin&gt;&lt;YOrigin&gt;-400&lt;/YOrigin&gt;&lt;XYScale&gt;11258999068426.238&lt;/XYScale&gt;&lt;ZOrigin&gt;-100000&lt;/ZOrigin&gt;&lt;ZScale&gt;10000&lt;/ZScale&gt;&lt;MOrigin&gt;-100000&lt;/MOrigin&gt;&lt;MScale&gt;10000&lt;/MScale&gt;&lt;XYTolerance&gt;8.9831528411952133e-09&lt;/XYTolerance&gt;&lt;ZTolerance&gt;0.001&lt;/ZTolerance&gt;&lt;MTolerance&gt;0.001&lt;/MTolerance&gt;&lt;HighPrecision&gt;true&lt;/HighPrecision&gt;&lt;LeftLongitude&gt;-180&lt;/LeftLongitude&gt;&lt;WKID&gt;4258&lt;/WKID&gt;&lt;LatestWKID&gt;4258&lt;/LatestWKID&gt;&lt;/GeographicCoordinateSystem&gt;</peXml></coordRef><lineage><Process ToolSource="c:\program files (x86)\arcgis\desktop10.4\ArcToolbox\Toolboxes\Conversion Tools.tbx\FeatureClassToFeatureClass" Date="20190215" Time="122153">FeatureClassToFeatureClass N:\CONEXIONES_ORACLE\ANDSANFE@RWEB_CREACION.sde\ANDSANFE.ETRS89_GEO\ANDSANFE.RECFE19_190208_ZC D:\CACHE_OFICIAL_2019_FEBRERO\RECFE19_190208.gdb\SIGPAC19 RECFE19_190208_ZC # "DN_PK "DN_PK" true false false 4 Long 0 10 ,First,#,N:\CONEXIONES_ORACLE\ANDSANFE@RWEB_CREACION.sde\ANDSANFE.ETRS89_GEO\ANDSANFE.RECFE19_190208_ZC,DN_PK,-1,-1;DN_OID "DN_OID" true false false 4 Long 0 10 ,First,#,N:\CONEXIONES_ORACLE\ANDSANFE@RWEB_CREACION.sde\ANDSANFE.ETRS89_GEO\ANDSANFE.RECFE19_190208_ZC,DN_OID,-1,-1;DN_VERSION_GR "DN_VERSION_GR" true false false 4 Long 0 10 ,First,#,N:\CONEXIONES_ORACLE\ANDSANFE@RWEB_CREACION.sde\ANDSANFE.ETRS89_GEO\ANDSANFE.RECFE19_190208_ZC,DN_VERSION_GR,-1,-1;DN_VERSION_AN "DN_VERSION_AN" true false false 4 Long 0 10 ,First,#,N:\CONEXIONES_ORACLE\ANDSANFE@RWEB_CREACION.sde\ANDSANFE.ETRS89_GEO\ANDSANFE.RECFE19_190208_ZC,DN_VERSION_AN,-1,-1;L_SUP_SIGPAC "L_SUP_SIGPAC" true true false 8 Double 8 38 ,First,#,N:\CONEXIONES_ORACLE\ANDSANFE@RWEB_CREACION.sde\ANDSANFE.ETRS89_GEO\ANDSANFE.RECFE19_190208_ZC,L_SUP_SIGPAC,-1,-1;L_PERIMETRO "L_PERIMETRO" true true false 8 Double 8 38 ,First,#,N:\CONEXIONES_ORACLE\ANDSANFE@RWEB_CREACION.sde\ANDSANFE.ETRS89_GEO\ANDSANFE.RECFE19_190208_ZC,L_PERIMETRO,-1,-1;C_PROVINCIA "C_PROVINCIA" true false false 2 Short 0 5 ,First,#,N:\CONEXIONES_ORACLE\ANDSANFE@RWEB_CREACION.sde\ANDSANFE.ETRS89_GEO\ANDSANFE.RECFE19_190208_ZC,C_PROVINCIA,-1,-1;C_MUNICIPIO "C_MUNICIPIO" true false false 2 Short 0 5 ,First,#,N:\CONEXIONES_ORACLE\ANDSANFE@RWEB_CREACION.sde\ANDSANFE.ETRS89_GEO\ANDSANFE.RECFE19_190208_ZC,C_MUNICIPIO,-1,-1;C_AGREGADO "C_AGREGADO" true false false 2 Short 0 5 ,First,#,N:\CONEXIONES_ORACLE\ANDSANFE@RWEB_CREACION.sde\ANDSANFE.ETRS89_GEO\ANDSANFE.RECFE19_190208_ZC,C_AGREGADO,-1,-1;C_ZONA "C_ZONA" true false false 2 Short 0 5 ,First,#,N:\CONEXIONES_ORACLE\ANDSANFE@RWEB_CREACION.sde\ANDSANFE.ETRS89_GEO\ANDSANFE.RECFE19_190208_ZC,C_ZONA,-1,-1;C_POLIGONO "C_POLIGONO" true false false 2 Short 0 5 ,First,#,N:\CONEXIONES_ORACLE\ANDSANFE@RWEB_CREACION.sde\ANDSANFE.ETRS89_GEO\ANDSANFE.RECFE19_190208_ZC,C_POLIGONO,-1,-1;C_PARCELA "C_PARCELA" true false false 4 Long 0 10 ,First,#,N:\CONEXIONES_ORACLE\ANDSANFE@RWEB_CREACION.sde\ANDSANFE.ETRS89_GEO\ANDSANFE.RECFE19_190208_ZC,C_PARCELA,-1,-1;C_RECINTO "C_RECINTO" true false false 4 Long 0 10 ,First,#,N:\CONEXIONES_ORACLE\ANDSANFE@RWEB_CREACION.sde\ANDSANFE.ETRS89_GEO\ANDSANFE.RECFE19_190208_ZC,C_RECINTO,-1,-1;C_USO_SIGPAC "C_USO_SIGPAC" true true false 2 Text 0 0 ,First,#,N:\CONEXIONES_ORACLE\ANDSANFE@RWEB_CREACION.sde\ANDSANFE.ETRS89_GEO\ANDSANFE.RECFE19_190208_ZC,C_USO_SIGPAC,-1,-1;C_COEF_REGADIO "C_COEF_REGADIO" true true false 2 Short 0 5 ,First,#,N:\CONEXIONES_ORACLE\ANDSANFE@RWEB_CREACION.sde\ANDSANFE.ETRS89_GEO\ANDSANFE.RECFE19_190208_ZC,C_COEF_REGADIO,-1,-1;M_PENDIENTE "M_PENDIENTE" true true false 2 Short 0 5 ,First,#,N:\CONEXIONES_ORACLE\ANDSANFE@RWEB_CREACION.sde\ANDSANFE.ETRS89_GEO\ANDSANFE.RECFE19_190208_ZC,M_PENDIENTE,-1,-1;CAP_AUTO "CAP_AUTO" true true false 2 Short 0 5 ,First,#,N:\CONEXIONES_ORACLE\ANDSANFE@RWEB_CREACION.sde\ANDSANFE.ETRS89_GEO\ANDSANFE.RECFE19_190208_ZC,CAP_AUTO,-1,-1;FACTOR_SUELO_AUTO "FACTOR_SUELO_AUTO" true true false 2 Short 0 5 ,First,#,N:\CONEXIONES_ORACLE\ANDSANFE@RWEB_CREACION.sde\ANDSANFE.ETRS89_GEO\ANDSANFE.RECFE19_190208_ZC,FACTOR_SUELO_AUTO,-1,-1;FACTOR_PENDIENTE_AUTO "FACTOR_PENDIENTE_AUTO" true true false 2 Short 0 5 ,First,#,N:\CONEXIONES_ORACLE\ANDSANFE@RWEB_CREACION.sde\ANDSANFE.ETRS89_GEO\ANDSANFE.RECFE19_190208_ZC,FACTOR_PENDIENTE_AUTO,-1,-1;FACTOR_VEGETACION_AUTO "FACTOR_VEGETACION_AUTO" true true false 2 Short 0 5 ,First,#,N:\CONEXIONES_ORACLE\ANDSANFE@RWEB_CREACION.sde\ANDSANFE.ETRS89_GEO\ANDSANFE.RECFE19_190208_ZC,FACTOR_VEGETACION_AUTO,-1,-1;CAP_MANUAL "CAP_MANUAL" true true false 2 Short 0 5 ,First,#,N:\CONEXIONES_ORACLE\ANDSANFE@RWEB_CREACION.sde\ANDSANFE.ETRS89_GEO\ANDSANFE.RECFE19_190208_ZC,CAP_MANUAL,-1,-1;FECHA_CAMPO "FECHA_CAMPO" true true false 8 Date 0 0 ,First,#,N:\CONEXIONES_ORACLE\ANDSANFE@RWEB_CREACION.sde\ANDSANFE.ETRS89_GEO\ANDSANFE.RECFE19_190208_ZC,FECHA_CAMPO,-1,-1;REGION "REGION" true true false 4 Text 0 0 ,First,#,N:\CONEXIONES_ORACLE\ANDSANFE@RWEB_CREACION.sde\ANDSANFE.ETRS89_GEO\ANDSANFE.RECFE19_190208_ZC,REGION,-1,-1;GRUPO_CULTIVO_2013 "GRUPO_CULTIVO_2013" true true false 3 Text 0 0 ,First,#,N:\CONEXIONES_ORACLE\ANDSANFE@RWEB_CREACION.sde\ANDSANFE.ETRS89_GEO\ANDSANFE.RECFE19_190208_ZC,GRUPO_CULTIVO_2013,-1,-1;PORC_INT_CORRECCION "PORC_INT_CORRECCION" true true false 2 Short 0 5 ,First,#,N:\CONEXIONES_ORACLE\ANDSANFE@RWEB_CREACION.sde\ANDSANFE.ETRS89_GEO\ANDSANFE.RECFE19_190208_ZC,PORC_INT_CORRECCION,-1,-1;PORC_INT_PLUS_PAST "PORC_INT_PLUS_PAST" true true false 2 Short 0 5 ,First,#,N:\CONEXIONES_ORACLE\ANDSANFE@RWEB_CREACION.sde\ANDSANFE.ETRS89_GEO\ANDSANFE.RECFE19_190208_ZC,PORC_INT_PLUS_PAST,-1,-1;CAP_RESULTANTE "CAP_RESULTANTE" true true false 2 Short 0 5 ,First,#,N:\CONEXIONES_ORACLE\ANDSANFE@RWEB_CREACION.sde\ANDSANFE.ETRS89_GEO\ANDSANFE.RECFE19_190208_ZC,CAP_RESULTANTE,-1,-1;INCIDENCIAS "INCIDENCIAS" true true false 50 Text 0 0 ,First,#,N:\CONEXIONES_ORACLE\ANDSANFE@RWEB_CREACION.sde\ANDSANFE.ETRS89_GEO\ANDSANFE.RECFE19_190208_ZC,INCIDENCIAS,-1,-1;PARCELA_AGRICOLA "PARCELA_AGRICOLA" true true false 30 Text 0 0 ,First,#,N:\CONEXIONES_ORACLE\ANDSANFE@RWEB_CREACION.sde\ANDSANFE.ETRS89_GEO\ANDSANFE.RECFE19_190208_ZC,PARCELA_AGRICOLA,-1,-1;C_REFREC "C_REFREC" true true false 23 Text 0 0 ,First,#,N:\CONEXIONES_ORACLE\ANDSANFE@RWEB_CREACION.sde\ANDSANFE.ETRS89_GEO\ANDSANFE.RECFE19_190208_ZC,C_REFREC,-1,-1;SHAPE_AREA "SHAPE_AREA" false false true 0 Double 0 0 ,First,#,N:\CONEXIONES_ORACLE\ANDSANFE@RWEB_CREACION.sde\ANDSANFE.ETRS89_GEO\ANDSANFE.RECFE19_190208_ZC,SHAPE.AREA,-1,-1;SHAPE_LEN "SHAPE_LEN" false false true 0 Double 0 0 ,First,#,N:\CONEXIONES_ORACLE\ANDSANFE@RWEB_CREACION.sde\ANDSANFE.ETRS89_GEO\ANDSANFE.RECFE19_190208_ZC,SHAPE.LEN,-1,-1" #</Process><Process ToolSource="c:\program files (x86)\arcgis\desktop10.4\ArcToolbox\Toolboxes\Data Management Tools.tbx\AddIndex" Date="20190215" Time="122913">AddIndex RECFE19_190208_ZC C_REFREC IDX_REFREC NON_UNIQUE NON_ASCENDING</Process><Process ToolSource="c:\program files (x86)\arcgis\desktop10.4\ArcToolbox\Toolboxes\Data Management Tools.tbx\CalculateField" Date="20190215" Time="125612">CalculateField RECFE19_190208_ZC ZC 0 VB #</Process><Process ToolSource="c:\program files (x86)\arcgis\desktop10.4\ArcToolbox\Toolboxes\Data Management Tools.tbx\CalculateField" Date="20190215" Time="130759">CalculateField RECFE19_190208_ZC ZC 1 VB #</Process><Process ToolSource="c:\program files (x86)\arcgis\desktop10.4\ArcToolbox\Toolboxes\Data Management Tools.tbx\CalculateField" Date="20190218" Time="102241">CalculateField RECFE19_190208_ZC C_REFREC "XX" VB #</Process><Process ToolSource="c:\program files (x86)\arcgis\desktop10.4\ArcToolbox\Toolboxes\Conversion Tools.tbx\FeatureClassToFeatureClass" Date="20190218" Time="105637">FeatureClassToFeatureClass D:\CACHE_OFICIAL_2019_FEBRERO\RECFE19_190208.gdb\SIGPAC19\RECFE19_190208_ZC D:\CACHE_OFICIAL_2019_FEBRERO\RECFE19_190208.gdb\SIGPAC19 RECFE19_190208_ZC_fin "C_REFREC &lt;&gt;'XX'" "DN_PK "DN_PK" true false false 4 Long 0 0 ,First,#,D:\CACHE_OFICIAL_2019_FEBRERO\RECFE19_190208.gdb\SIGPAC19\RECFE19_190208_ZC,DN_PK,-1,-1;DN_OID "DN_OID" true false false 4 Long 0 0 ,First,#,D:\CACHE_OFICIAL_2019_FEBRERO\RECFE19_190208.gdb\SIGPAC19\RECFE19_190208_ZC,DN_OID,-1,-1;DN_VERSION_GR "DN_VERSION_GR" true false false 4 Long 0 0 ,First,#,D:\CACHE_OFICIAL_2019_FEBRERO\RECFE19_190208.gdb\SIGPAC19\RECFE19_190208_ZC,DN_VERSION_GR,-1,-1;DN_VERSION_AN "DN_VERSION_AN" true false false 4 Long 0 0 ,First,#,D:\CACHE_OFICIAL_2019_FEBRERO\RECFE19_190208.gdb\SIGPAC19\RECFE19_190208_ZC,DN_VERSION_AN,-1,-1;L_SUP_SIGPAC "L_SUP_SIGPAC" true true false 8 Double 0 0 ,First,#,D:\CACHE_OFICIAL_2019_FEBRERO\RECFE19_190208.gdb\SIGPAC19\RECFE19_190208_ZC,L_SUP_SIGPAC,-1,-1;L_PERIMETRO "L_PERIMETRO" true true false 8 Double 0 0 ,First,#,D:\CACHE_OFICIAL_2019_FEBRERO\RECFE19_190208.gdb\SIGPAC19\RECFE19_190208_ZC,L_PERIMETRO,-1,-1;C_PROVINCIA "C_PROVINCIA" true false false 2 Short 0 0 ,First,#,D:\CACHE_OFICIAL_2019_FEBRERO\RECFE19_190208.gdb\SIGPAC19\RECFE19_190208_ZC,C_PROVINCIA,-1,-1;C_MUNICIPIO "C_MUNICIPIO" true false false 2 Short 0 0 ,First,#,D:\CACHE_OFICIAL_2019_FEBRERO\RECFE19_190208.gdb\SIGPAC19\RECFE19_190208_ZC,C_MUNICIPIO,-1,-1;C_AGREGADO "C_AGREGADO" true false false 2 Short 0 0 ,First,#,D:\CACHE_OFICIAL_2019_FEBRERO\RECFE19_190208.gdb\SIGPAC19\RECFE19_190208_ZC,C_AGREGADO,-1,-1;C_ZONA "C_ZONA" true false false 2 Short 0 0 ,First,#,D:\CACHE_OFICIAL_2019_FEBRERO\RECFE19_190208.gdb\SIGPAC19\RECFE19_190208_ZC,C_ZONA,-1,-1;C_POLIGONO "C_POLIGONO" true false false 2 Short 0 0 ,First,#,D:\CACHE_OFICIAL_2019_FEBRERO\RECFE19_190208.gdb\SIGPAC19\RECFE19_190208_ZC,C_POLIGONO,-1,-1;C_PARCELA "C_PARCELA" true false false 4 Long 0 0 ,First,#,D:\CACHE_OFICIAL_2019_FEBRERO\RECFE19_190208.gdb\SIGPAC19\RECFE19_190208_ZC,C_PARCELA,-1,-1;C_RECINTO "C_RECINTO" true false false 4 Long 0 0 ,First,#,D:\CACHE_OFICIAL_2019_FEBRERO\RECFE19_190208.gdb\SIGPAC19\RECFE19_190208_ZC,C_RECINTO,-1,-1;C_USO_SIGPAC "C_USO_SIGPAC" true true false 2 Text 0 0 ,First,#,D:\CACHE_OFICIAL_2019_FEBRERO\RECFE19_190208.gdb\SIGPAC19\RECFE19_190208_ZC,C_USO_SIGPAC,-1,-1;C_COEF_REGADIO "C_COEF_REGADIO" true true false 2 Short 0 0 ,First,#,D:\CACHE_OFICIAL_2019_FEBRERO\RECFE19_190208.gdb\SIGPAC19\RECFE19_190208_ZC,C_COEF_REGADIO,-1,-1;M_PENDIENTE "M_PENDIENTE" true true false 2 Short 0 0 ,First,#,D:\CACHE_OFICIAL_2019_FEBRERO\RECFE19_190208.gdb\SIGPAC19\RECFE19_190208_ZC,M_PENDIENTE,-1,-1;CAP_AUTO "CAP_AUTO" true true false 2 Short 0 0 ,First,#,D:\CACHE_OFICIAL_2019_FEBRERO\RECFE19_190208.gdb\SIGPAC19\RECFE19_190208_ZC,CAP_AUTO,-1,-1;FACTOR_SUELO_AUTO "FACTOR_SUELO_AUTO" true true false 2 Short 0 0 ,First,#,D:\CACHE_OFICIAL_2019_FEBRERO\RECFE19_190208.gdb\SIGPAC19\RECFE19_190208_ZC,FACTOR_SUELO_AUTO,-1,-1;FACTOR_PENDIENTE_AUTO "FACTOR_PENDIENTE_AUTO" true true false 2 Short 0 0 ,First,#,D:\CACHE_OFICIAL_2019_FEBRERO\RECFE19_190208.gdb\SIGPAC19\RECFE19_190208_ZC,FACTOR_PENDIENTE_AUTO,-1,-1;FACTOR_VEGETACION_AUTO "FACTOR_VEGETACION_AUTO" true true false 2 Short 0 0 ,First,#,D:\CACHE_OFICIAL_2019_FEBRERO\RECFE19_190208.gdb\SIGPAC19\RECFE19_190208_ZC,FACTOR_VEGETACION_AUTO,-1,-1;CAP_MANUAL "CAP_MANUAL" true true false 2 Short 0 0 ,First,#,D:\CACHE_OFICIAL_2019_FEBRERO\RECFE19_190208.gdb\SIGPAC19\RECFE19_190208_ZC,CAP_MANUAL,-1,-1;FECHA_CAMPO "FECHA_CAMPO" true true false 8 Date 0 0 ,First,#,D:\CACHE_OFICIAL_2019_FEBRERO\RECFE19_190208.gdb\SIGPAC19\RECFE19_190208_ZC,FECHA_CAMPO,-1,-1;REGION "REGION" true true false 4 Text 0 0 ,First,#,D:\CACHE_OFICIAL_2019_FEBRERO\RECFE19_190208.gdb\SIGPAC19\RECFE19_190208_ZC,REGION,-1,-1;GRUPO_CULTIVO_2013 "GRUPO_CULTIVO_2013" true true false 3 Text 0 0 ,First,#,D:\CACHE_OFICIAL_2019_FEBRERO\RECFE19_190208.gdb\SIGPAC19\RECFE19_190208_ZC,GRUPO_CULTIVO_2013,-1,-1;PORC_INT_CORRECCION "PORC_INT_CORRECCION" true true false 2 Short 0 0 ,First,#,D:\CACHE_OFICIAL_2019_FEBRERO\RECFE19_190208.gdb\SIGPAC19\RECFE19_190208_ZC,PORC_INT_CORRECCION,-1,-1;PORC_INT_PLUS_PAST "PORC_INT_PLUS_PAST" true true false 2 Short 0 0 ,First,#,D:\CACHE_OFICIAL_2019_FEBRERO\RECFE19_190208.gdb\SIGPAC19\RECFE19_190208_ZC,PORC_INT_PLUS_PAST,-1,-1;CAP_RESULTANTE "CAP_RESULTANTE" true true false 2 Short 0 0 ,First,#,D:\CACHE_OFICIAL_2019_FEBRERO\RECFE19_190208.gdb\SIGPAC19\RECFE19_190208_ZC,CAP_RESULTANTE,-1,-1;INCIDENCIAS "INCIDENCIAS" true true false 50 Text 0 0 ,First,#,D:\CACHE_OFICIAL_2019_FEBRERO\RECFE19_190208.gdb\SIGPAC19\RECFE19_190208_ZC,INCIDENCIAS,-1,-1;PARCELA_AGRICOLA "PARCELA_AGRICOLA" true true false 30 Text 0 0 ,First,#,D:\CACHE_OFICIAL_2019_FEBRERO\RECFE19_190208.gdb\SIGPAC19\RECFE19_190208_ZC,PARCELA_AGRICOLA,-1,-1;C_REFREC "C_REFREC" true true false 23 Text 0 0 ,First,#,D:\CACHE_OFICIAL_2019_FEBRERO\RECFE19_190208.gdb\SIGPAC19\RECFE19_190208_ZC,C_REFREC,-1,-1;Shape_Length "Shape_Length" false true true 8 Double 0 0 ,First,#,D:\CACHE_OFICIAL_2019_FEBRERO\RECFE19_190208.gdb\SIGPAC19\RECFE19_190208_ZC,Shape_Length,-1,-1;Shape_Area "Shape_Area" false true true 8 Double 0 0 ,First,#,D:\CACHE_OFICIAL_2019_FEBRERO\RECFE19_190208.gdb\SIGPAC19\RECFE19_190208_ZC,Shape_Area,-1,-1;ZC "ZC" true true false 2 Short 0 0 ,First,#,D:\CACHE_OFICIAL_2019_FEBRERO\RECFE19_190208.gdb\SIGPAC19\RECFE19_190208_ZC,ZC,-1,-1" #</Process><Process ToolSource="c:\program files (x86)\arcgis\desktop10.4\ArcToolbox\Toolboxes\Data Management Tools.tbx\CalculateField" Date="20190218" Time="111805">CalculateField RECFE19_190208_ZC_fin GRUPO_CULTIVO_2013 NULL VB #</Process><Process ToolSource="c:\program files (x86)\arcgis\desktop10.4\ArcToolbox\Toolboxes\Data Management Tools.tbx\CalculateField" Date="20190218" Time="112700">CalculateField RECFE19_190208_ZC_fin REGION NULL VB #</Process><Process ToolSource="c:\program files (x86)\arcgis\desktop10.4\ArcToolbox\Toolboxes\Conversion Tools.tbx\FeatureClassToFeatureClass" Date="20190218" Time="120156">FeatureClassToFeatureClass D:\CACHE_OFICIAL_2019_FEBRERO\RECFE19_190208.gdb\SIGPAC19\RECFE19_190208_ZC_fin D:\CACHE_OFICIAL_2019_FEBRERO\RECFE19_190208_ZC_DGPAC.gdb\SIGPAC19 RECFE19_190208_ZC # "DN_PK "DN_PK" true false false 4 Long 0 0 ,First,#,D:\CACHE_OFICIAL_2019_FEBRERO\RECFE19_190208.gdb\SIGPAC19\RECFE19_190208_ZC_fin,DN_PK,-1,-1;DN_OID "DN_OID" true false false 4 Long 0 0 ,First,#,D:\CACHE_OFICIAL_2019_FEBRERO\RECFE19_190208.gdb\SIGPAC19\RECFE19_190208_ZC_fin,DN_OID,-1,-1;DN_VERSION_GR "DN_VERSION_GR" true false false 4 Long 0 0 ,First,#,D:\CACHE_OFICIAL_2019_FEBRERO\RECFE19_190208.gdb\SIGPAC19\RECFE19_190208_ZC_fin,DN_VERSION_GR,-1,-1;DN_VERSION_AN "DN_VERSION_AN" true false false 4 Long 0 0 ,First,#,D:\CACHE_OFICIAL_2019_FEBRERO\RECFE19_190208.gdb\SIGPAC19\RECFE19_190208_ZC_fin,DN_VERSION_AN,-1,-1;L_SUP_SIGPAC "L_SUP_SIGPAC" true true false 8 Double 0 0 ,First,#,D:\CACHE_OFICIAL_2019_FEBRERO\RECFE19_190208.gdb\SIGPAC19\RECFE19_190208_ZC_fin,L_SUP_SIGPAC,-1,-1;L_PERIMETRO "L_PERIMETRO" true true false 8 Double 0 0 ,First,#,D:\CACHE_OFICIAL_2019_FEBRERO\RECFE19_190208.gdb\SIGPAC19\RECFE19_190208_ZC_fin,L_PERIMETRO,-1,-1;C_PROVINCIA "C_PROVINCIA" true false false 2 Short 0 0 ,First,#,D:\CACHE_OFICIAL_2019_FEBRERO\RECFE19_190208.gdb\SIGPAC19\RECFE19_190208_ZC_fin,C_PROVINCIA,-1,-1;C_MUNICIPIO "C_MUNICIPIO" true false false 2 Short 0 0 ,First,#,D:\CACHE_OFICIAL_2019_FEBRERO\RECFE19_190208.gdb\SIGPAC19\RECFE19_190208_ZC_fin,C_MUNICIPIO,-1,-1;C_AGREGADO "C_AGREGADO" true false false 2 Short 0 0 ,First,#,D:\CACHE_OFICIAL_2019_FEBRERO\RECFE19_190208.gdb\SIGPAC19\RECFE19_190208_ZC_fin,C_AGREGADO,-1,-1;C_ZONA "C_ZONA" true false false 2 Short 0 0 ,First,#,D:\CACHE_OFICIAL_2019_FEBRERO\RECFE19_190208.gdb\SIGPAC19\RECFE19_190208_ZC_fin,C_ZONA,-1,-1;C_POLIGONO "C_POLIGONO" true false false 2 Short 0 0 ,First,#,D:\CACHE_OFICIAL_2019_FEBRERO\RECFE19_190208.gdb\SIGPAC19\RECFE19_190208_ZC_fin,C_POLIGONO,-1,-1;C_PARCELA "C_PARCELA" true false false 4 Long 0 0 ,First,#,D:\CACHE_OFICIAL_2019_FEBRERO\RECFE19_190208.gdb\SIGPAC19\RECFE19_190208_ZC_fin,C_PARCELA,-1,-1;C_RECINTO "C_RECINTO" true false false 4 Long 0 0 ,First,#,D:\CACHE_OFICIAL_2019_FEBRERO\RECFE19_190208.gdb\SIGPAC19\RECFE19_190208_ZC_fin,C_RECINTO,-1,-1;C_USO_SIGPAC "C_USO_SIGPAC" true true false 2 Text 0 0 ,First,#,D:\CACHE_OFICIAL_2019_FEBRERO\RECFE19_190208.gdb\SIGPAC19\RECFE19_190208_ZC_fin,C_USO_SIGPAC,-1,-1;C_COEF_REGADIO "C_COEF_REGADIO" true true false 2 Short 0 0 ,First,#,D:\CACHE_OFICIAL_2019_FEBRERO\RECFE19_190208.gdb\SIGPAC19\RECFE19_190208_ZC_fin,C_COEF_REGADIO,-1,-1;M_PENDIENTE "M_PENDIENTE" true true false 2 Short 0 0 ,First,#,D:\CACHE_OFICIAL_2019_FEBRERO\RECFE19_190208.gdb\SIGPAC19\RECFE19_190208_ZC_fin,M_PENDIENTE,-1,-1;CAP_AUTO "CAP_AUTO" true true false 2 Short 0 0 ,First,#,D:\CACHE_OFICIAL_2019_FEBRERO\RECFE19_190208.gdb\SIGPAC19\RECFE19_190208_ZC_fin,CAP_AUTO,-1,-1;FACTOR_SUELO_AUTO "FACTOR_SUELO_AUTO" true true false 2 Short 0 0 ,First,#,D:\CACHE_OFICIAL_2019_FEBRERO\RECFE19_190208.gdb\SIGPAC19\RECFE19_190208_ZC_fin,FACTOR_SUELO_AUTO,-1,-1;FACTOR_PENDIENTE_AUTO "FACTOR_PENDIENTE_AUTO" true true false 2 Short 0 0 ,First,#,D:\CACHE_OFICIAL_2019_FEBRERO\RECFE19_190208.gdb\SIGPAC19\RECFE19_190208_ZC_fin,FACTOR_PENDIENTE_AUTO,-1,-1;FACTOR_VEGETACION_AUTO "FACTOR_VEGETACION_AUTO" true true false 2 Short 0 0 ,First,#,D:\CACHE_OFICIAL_2019_FEBRERO\RECFE19_190208.gdb\SIGPAC19\RECFE19_190208_ZC_fin,FACTOR_VEGETACION_AUTO,-1,-1;CAP_MANUAL "CAP_MANUAL" true true false 2 Short 0 0 ,First,#,D:\CACHE_OFICIAL_2019_FEBRERO\RECFE19_190208.gdb\SIGPAC19\RECFE19_190208_ZC_fin,CAP_MANUAL,-1,-1;FECHA_CAMPO "FECHA_CAMPO" true true false 8 Date 0 0 ,First,#,D:\CACHE_OFICIAL_2019_FEBRERO\RECFE19_190208.gdb\SIGPAC19\RECFE19_190208_ZC_fin,FECHA_CAMPO,-1,-1;REGION "REGION" true true false 4 Text 0 0 ,First,#,D:\CACHE_OFICIAL_2019_FEBRERO\RECFE19_190208.gdb\SIGPAC19\RECFE19_190208_ZC_fin,REGION,-1,-1;GRUPO_CULTIVO_2013 "GRUPO_CULTIVO_2013" true true false 3 Text 0 0 ,First,#,D:\CACHE_OFICIAL_2019_FEBRERO\RECFE19_190208.gdb\SIGPAC19\RECFE19_190208_ZC_fin,GRUPO_CULTIVO_2013,-1,-1;PORC_INT_CORRECCION "PORC_INT_CORRECCION" true true false 2 Short 0 0 ,First,#,D:\CACHE_OFICIAL_2019_FEBRERO\RECFE19_190208.gdb\SIGPAC19\RECFE19_190208_ZC_fin,PORC_INT_CORRECCION,-1,-1;PORC_INT_PLUS_PAST "PORC_INT_PLUS_PAST" true true false 2 Short 0 0 ,First,#,D:\CACHE_OFICIAL_2019_FEBRERO\RECFE19_190208.gdb\SIGPAC19\RECFE19_190208_ZC_fin,PORC_INT_PLUS_PAST,-1,-1;CAP_RESULTANTE "CAP_RESULTANTE" true true false 2 Short 0 0 ,First,#,D:\CACHE_OFICIAL_2019_FEBRERO\RECFE19_190208.gdb\SIGPAC19\RECFE19_190208_ZC_fin,CAP_RESULTANTE,-1,-1;INCIDENCIAS "INCIDENCIAS" true true false 50 Text 0 0 ,First,#,D:\CACHE_OFICIAL_2019_FEBRERO\RECFE19_190208.gdb\SIGPAC19\RECFE19_190208_ZC_fin,INCIDENCIAS,-1,-1;PARCELA_AGRICOLA "PARCELA_AGRICOLA" true true false 30 Text 0 0 ,First,#,D:\CACHE_OFICIAL_2019_FEBRERO\RECFE19_190208.gdb\SIGPAC19\RECFE19_190208_ZC_fin,PARCELA_AGRICOLA,-1,-1;C_REFREC "C_REFREC" true true false 23 Text 0 0 ,First,#,D:\CACHE_OFICIAL_2019_FEBRERO\RECFE19_190208.gdb\SIGPAC19\RECFE19_190208_ZC_fin,C_REFREC,-1,-1;Shape_Length "Shape_Length" false true true 8 Double 0 0 ,First,#,D:\CACHE_OFICIAL_2019_FEBRERO\RECFE19_190208.gdb\SIGPAC19\RECFE19_190208_ZC_fin,Shape_Length,-1,-1;Shape_Area "Shape_Area" false true true 8 Double 0 0 ,First,#,D:\CACHE_OFICIAL_2019_FEBRERO\RECFE19_190208.gdb\SIGPAC19\RECFE19_190208_ZC_fin,Shape_Area,-1,-1" #</Process><Process ToolSource="c:\program files (x86)\arcgis\desktop10.4\ArcToolbox\Toolboxes\Data Management Tools.tbx\CalculateField" Date="20190218" Time="125557">CalculateField RECFE19_190208_ZC GRUPO_CULTIVO_2013 "TCS" VB #</Process><Process ToolSource="c:\program files (x86)\arcgis\desktop10.4\ArcToolbox\Toolboxes\Conversion Tools.tbx\FeatureClassToFeatureClass" Date="20190218" Time="155149">FeatureClassToFeatureClass D:\CACHE_OFICIAL_2019_FEBRERO\RECFE19_190208_ZC_DGPAC.gdb\SIGPAC19\RECFE19_190208_ZC N:\CONEXIONES_ORACLE\ANDSANFE@RWEB_CREACION.sde\ANDSANFE.ETRS89_GEO RECFE19_190208_ZC # "DN_PK "DN_PK" true false false 4 Long 0 0 ,First,#,D:\CACHE_OFICIAL_2019_FEBRERO\RECFE19_190208_ZC_DGPAC.gdb\SIGPAC19\RECFE19_190208_ZC,DN_PK,-1,-1;DN_OID "DN_OID" true false false 4 Long 0 0 ,First,#,D:\CACHE_OFICIAL_2019_FEBRERO\RECFE19_190208_ZC_DGPAC.gdb\SIGPAC19\RECFE19_190208_ZC,DN_OID,-1,-1;DN_VERSION_GR "DN_VERSION_GR" true false false 4 Long 0 0 ,First,#,D:\CACHE_OFICIAL_2019_FEBRERO\RECFE19_190208_ZC_DGPAC.gdb\SIGPAC19\RECFE19_190208_ZC,DN_VERSION_GR,-1,-1;DN_VERSION_AN "DN_VERSION_AN" true false false 4 Long 0 0 ,First,#,D:\CACHE_OFICIAL_2019_FEBRERO\RECFE19_190208_ZC_DGPAC.gdb\SIGPAC19\RECFE19_190208_ZC,DN_VERSION_AN,-1,-1;L_SUP_SIGPAC "L_SUP_SIGPAC" true true false 8 Double 0 0 ,First,#,D:\CACHE_OFICIAL_2019_FEBRERO\RECFE19_190208_ZC_DGPAC.gdb\SIGPAC19\RECFE19_190208_ZC,L_SUP_SIGPAC,-1,-1;L_PERIMETRO "L_PERIMETRO" true true false 8 Double 0 0 ,First,#,D:\CACHE_OFICIAL_2019_FEBRERO\RECFE19_190208_ZC_DGPAC.gdb\SIGPAC19\RECFE19_190208_ZC,L_PERIMETRO,-1,-1;C_PROVINCIA "C_PROVINCIA" true false false 2 Short 0 0 ,First,#,D:\CACHE_OFICIAL_2019_FEBRERO\RECFE19_190208_ZC_DGPAC.gdb\SIGPAC19\RECFE19_190208_ZC,C_PROVINCIA,-1,-1;C_MUNICIPIO "C_MUNICIPIO" true false false 2 Short 0 0 ,First,#,D:\CACHE_OFICIAL_2019_FEBRERO\RECFE19_190208_ZC_DGPAC.gdb\SIGPAC19\RECFE19_190208_ZC,C_MUNICIPIO,-1,-1;C_AGREGADO "C_AGREGADO" true false false 2 Short 0 0 ,First,#,D:\CACHE_OFICIAL_2019_FEBRERO\RECFE19_190208_ZC_DGPAC.gdb\SIGPAC19\RECFE19_190208_ZC,C_AGREGADO,-1,-1;C_ZONA "C_ZONA" true false false 2 Short 0 0 ,First,#,D:\CACHE_OFICIAL_2019_FEBRERO\RECFE19_190208_ZC_DGPAC.gdb\SIGPAC19\RECFE19_190208_ZC,C_ZONA,-1,-1;C_POLIGONO "C_POLIGONO" true false false 2 Short 0 0 ,First,#,D:\CACHE_OFICIAL_2019_FEBRERO\RECFE19_190208_ZC_DGPAC.gdb\SIGPAC19\RECFE19_190208_ZC,C_POLIGONO,-1,-1;C_PARCELA "C_PARCELA" true false false 4 Long 0 0 ,First,#,D:\CACHE_OFICIAL_2019_FEBRERO\RECFE19_190208_ZC_DGPAC.gdb\SIGPAC19\RECFE19_190208_ZC,C_PARCELA,-1,-1;C_RECINTO "C_RECINTO" true false false 4 Long 0 0 ,First,#,D:\CACHE_OFICIAL_2019_FEBRERO\RECFE19_190208_ZC_DGPAC.gdb\SIGPAC19\RECFE19_190208_ZC,C_RECINTO,-1,-1;C_USO_SIGPAC "C_USO_SIGPAC" true true false 2 Text 0 0 ,First,#,D:\CACHE_OFICIAL_2019_FEBRERO\RECFE19_190208_ZC_DGPAC.gdb\SIGPAC19\RECFE19_190208_ZC,C_USO_SIGPAC,-1,-1;C_COEF_REGADIO "C_COEF_REGADIO" true true false 2 Short 0 0 ,First,#,D:\CACHE_OFICIAL_2019_FEBRERO\RECFE19_190208_ZC_DGPAC.gdb\SIGPAC19\RECFE19_190208_ZC,C_COEF_REGADIO,-1,-1;M_PENDIENTE "M_PENDIENTE" true true false 2 Short 0 0 ,First,#,D:\CACHE_OFICIAL_2019_FEBRERO\RECFE19_190208_ZC_DGPAC.gdb\SIGPAC19\RECFE19_190208_ZC,M_PENDIENTE,-1,-1;CAP_AUTO "CAP_AUTO" true true false 2 Short 0 0 ,First,#,D:\CACHE_OFICIAL_2019_FEBRERO\RECFE19_190208_ZC_DGPAC.gdb\SIGPAC19\RECFE19_190208_ZC,CAP_AUTO,-1,-1;FACTOR_SUELO_AUTO "FACTOR_SUELO_AUTO" true true false 2 Short 0 0 ,First,#,D:\CACHE_OFICIAL_2019_FEBRERO\RECFE19_190208_ZC_DGPAC.gdb\SIGPAC19\RECFE19_190208_ZC,FACTOR_SUELO_AUTO,-1,-1;FACTOR_PENDIENTE_AUTO "FACTOR_PENDIENTE_AUTO" true true false 2 Short 0 0 ,First,#,D:\CACHE_OFICIAL_2019_FEBRERO\RECFE19_190208_ZC_DGPAC.gdb\SIGPAC19\RECFE19_190208_ZC,FACTOR_PENDIENTE_AUTO,-1,-1;FACTOR_VEGETACION_AUTO "FACTOR_VEGETACION_AUTO" true true false 2 Short 0 0 ,First,#,D:\CACHE_OFICIAL_2019_FEBRERO\RECFE19_190208_ZC_DGPAC.gdb\SIGPAC19\RECFE19_190208_ZC,FACTOR_VEGETACION_AUTO,-1,-1;CAP_MANUAL "CAP_MANUAL" true true false 2 Short 0 0 ,First,#,D:\CACHE_OFICIAL_2019_FEBRERO\RECFE19_190208_ZC_DGPAC.gdb\SIGPAC19\RECFE19_190208_ZC,CAP_MANUAL,-1,-1;FECHA_CAMPO "FECHA_CAMPO" true true false 8 Date 0 0 ,First,#,D:\CACHE_OFICIAL_2019_FEBRERO\RECFE19_190208_ZC_DGPAC.gdb\SIGPAC19\RECFE19_190208_ZC,FECHA_CAMPO,-1,-1;REGION "REGION" true true false 4 Text 0 0 ,First,#,D:\CACHE_OFICIAL_2019_FEBRERO\RECFE19_190208_ZC_DGPAC.gdb\SIGPAC19\RECFE19_190208_ZC,REGION,-1,-1;GRUPO_CULTIVO_2013 "GRUPO_CULTIVO_2013" true true false 3 Text 0 0 ,First,#,D:\CACHE_OFICIAL_2019_FEBRERO\RECFE19_190208_ZC_DGPAC.gdb\SIGPAC19\RECFE19_190208_ZC,GRUPO_CULTIVO_2013,-1,-1;PORC_INT_CORRECCION "PORC_INT_CORRECCION" true true false 2 Short 0 0 ,First,#,D:\CACHE_OFICIAL_2019_FEBRERO\RECFE19_190208_ZC_DGPAC.gdb\SIGPAC19\RECFE19_190208_ZC,PORC_INT_CORRECCION,-1,-1;PORC_INT_PLUS_PAST "PORC_INT_PLUS_PAST" true true false 2 Short 0 0 ,First,#,D:\CACHE_OFICIAL_2019_FEBRERO\RECFE19_190208_ZC_DGPAC.gdb\SIGPAC19\RECFE19_190208_ZC,PORC_INT_PLUS_PAST,-1,-1;CAP_RESULTANTE "CAP_RESULTANTE" true true false 2 Short 0 0 ,First,#,D:\CACHE_OFICIAL_2019_FEBRERO\RECFE19_190208_ZC_DGPAC.gdb\SIGPAC19\RECFE19_190208_ZC,CAP_RESULTANTE,-1,-1;INCIDENCIAS "INCIDENCIAS" true true false 50 Text 0 0 ,First,#,D:\CACHE_OFICIAL_2019_FEBRERO\RECFE19_190208_ZC_DGPAC.gdb\SIGPAC19\RECFE19_190208_ZC,INCIDENCIAS,-1,-1;PARCELA_AGRICOLA "PARCELA_AGRICOLA" true true false 30 Text 0 0 ,First,#,D:\CACHE_OFICIAL_2019_FEBRERO\RECFE19_190208_ZC_DGPAC.gdb\SIGPAC19\RECFE19_190208_ZC,PARCELA_AGRICOLA,-1,-1;C_REFREC "C_REFREC" true true false 23 Text 0 0 ,First,#,D:\CACHE_OFICIAL_2019_FEBRERO\RECFE19_190208_ZC_DGPAC.gdb\SIGPAC19\RECFE19_190208_ZC,C_REFREC,-1,-1;Shape_Length "Shape_Length" false true true 8 Double 0 0 ,First,#,D:\CACHE_OFICIAL_2019_FEBRERO\RECFE19_190208_ZC_DGPAC.gdb\SIGPAC19\RECFE19_190208_ZC,Shape_Length,-1,-1;Shape_Area "Shape_Area" false true true 8 Double 0 0 ,First,#,D:\CACHE_OFICIAL_2019_FEBRERO\RECFE19_190208_ZC_DGPAC.gdb\SIGPAC19\RECFE19_190208_ZC,Shape_Area,-1,-1" #</Process><Process ToolSource="c:\program files (x86)\arcgis\desktop10.7\ArcToolbox\Toolboxes\Conversion Tools.tbx\FeatureClassToFeatureClass" Date="20200227" Time="082432">FeatureClassToFeatureClass D:\MUNICIPIOS_20\CACHE_2020-01-02.gdb\SIGPAC_GEO\RECFE1 D:\MUNICIPIOS_20\CACHE_2020-01-02.gdb\SIGPAC_GEO RECFE "DN_OID =-1" "DN_OID "DN_OID" true false false 4 Long 0 0 ,First,#,D:\MUNICIPIOS_20\CACHE_2020-01-02.gdb\SIGPAC_GEO\RECFE1,DN_OID,-1,-1;SUPERFICIE "SUPERFICIE" true true false 8 Double 0 0 ,First,#,D:\MUNICIPIOS_20\CACHE_2020-01-02.gdb\SIGPAC_GEO\RECFE1,SUPERFICIE,-1,-1;PERIMETRO "PERIMETRO" true true false 8 Double 0 0 ,First,#,D:\MUNICIPIOS_20\CACHE_2020-01-02.gdb\SIGPAC_GEO\RECFE1,PERIMETRO,-1,-1;PROVINCIA "PROVINCIA" true false false 2 Short 0 0 ,First,#,D:\MUNICIPIOS_20\CACHE_2020-01-02.gdb\SIGPAC_GEO\RECFE1,PROVINCIA,-1,-1;MUNICIPIO "MUNICIPIO" true false false 2 Short 0 0 ,First,#,D:\MUNICIPIOS_20\CACHE_2020-01-02.gdb\SIGPAC_GEO\RECFE1,MUNICIPIO,-1,-1;AGREGADO "AGREGADO" true false false 2 Short 0 0 ,First,#,D:\MUNICIPIOS_20\CACHE_2020-01-02.gdb\SIGPAC_GEO\RECFE1,AGREGADO,-1,-1;ZONA "ZONA" true false false 2 Short 0 0 ,First,#,D:\MUNICIPIOS_20\CACHE_2020-01-02.gdb\SIGPAC_GEO\RECFE1,ZONA,-1,-1;POLIGONO "POLIGONO" true false false 2 Short 0 0 ,First,#,D:\MUNICIPIOS_20\CACHE_2020-01-02.gdb\SIGPAC_GEO\RECFE1,POLIGONO,-1,-1;PARCELA "PARCELA" true false false 4 Long 0 0 ,First,#,D:\MUNICIPIOS_20\CACHE_2020-01-02.gdb\SIGPAC_GEO\RECFE1,PARCELA,-1,-1;RECINTO "RECINTO" true false false 4 Long 0 0 ,First,#,D:\MUNICIPIOS_20\CACHE_2020-01-02.gdb\SIGPAC_GEO\RECFE1,RECINTO,-1,-1;USO_SIGPAC "USO_SIGPAC" true true false 2 Text 0 0 ,First,#,D:\MUNICIPIOS_20\CACHE_2020-01-02.gdb\SIGPAC_GEO\RECFE1,USO_SIGPAC,-1,-1;COEF_REGADIO "COEF_REGADIO" true true false 2 Short 0 0 ,First,#,D:\MUNICIPIOS_20\CACHE_2020-01-02.gdb\SIGPAC_GEO\RECFE1,COEF_REGADIO,-1,-1;C_REFREC "C_REFREC" true true false 23 Text 0 0 ,First,#,D:\MUNICIPIOS_20\CACHE_2020-01-02.gdb\SIGPAC_GEO\RECFE1,C_REFREC,-1,-1;Shape_Length "Shape_Length" false true true 8 Double 0 0 ,First,#,D:\MUNICIPIOS_20\CACHE_2020-01-02.gdb\SIGPAC_GEO\RECFE1,Shape_Length,-1,-1;Shape_Area "Shape_Area" false true true 8 Double 0 0 ,First,#,D:\MUNICIPIOS_20\CACHE_2020-01-02.gdb\SIGPAC_GEO\RECFE1,Shape_Area,-1,-1;PROVMUNI "PROVMUNI" true true false 5 Text 0 0 ,First,#,D:\MUNICIPIOS_20\CACHE_2020-01-02.gdb\SIGPAC_GEO\RECFE1,PROVMUNI,-1,-1" #</Process><Process ToolSource="c:\program files (x86)\arcgis\desktop10.7\ArcToolbox\Toolboxes\Data Management Tools.tbx\CalculateField" Date="20200310" Time="144327">CalculateField RECFE PROVMUNI "right("00" &amp; [PROVINCIA] ,2) &amp; right("000" &amp; [MUNICIPIO] ,3) " VB #</Process><Process ToolSource="c:\program files (x86)\arcgis\desktop10.7\ArcToolbox\Toolboxes\Analysis Tools.tbx\Select" Date="20200321" Time="131252">Select D:\MUNICIPIOS_20\CACHE_2020-01-02.gdb\SIGPAC_GEO\RECFE D:\MUNICIPIOS_20\RECINTOS\SHP\47047_RECFE.shp ""PROVMUNI" = '47047'"</Process><Process ToolSource="c:\program files (x86)\arcgis\desktop10.7\ArcToolbox\Toolboxes\Data Management Tools.tbx\DeleteField" Date="20200321" Time="131252">DeleteField D:\MUNICIPIOS_20\RECINTOS\SHP\47047_RECFE.shp PROVMUNI</Process></lineage></DataProperties><SyncDate>20200321</SyncDate><SyncTime>13094200</SyncTime><ModDate>20200321</ModDate><ModTime>13094200</ModTime></Esri><dataIdInfo><envirDesc Sync="TRUE"> Version 6.2 (Build 9200) ; Esri ArcGIS 10.7.0.10450</envirDesc><dataLang><languageCode value="spa" Sync="TRUE"></languageCode><countryCode value="ESP" Sync="TRUE"></countryCode></dataLang><idCitation><resTitle Sync="TRUE">47047_RECFE</resTitle><presForm><PresFormCd value="005" Sync="TRUE"></PresFormCd></presForm></idCitation><spatRpType><SpatRepTypCd value="001" Sync="TRUE"></SpatRepTypCd></spatRpType></dataIdInfo><mdLang><languageCode value="spa" Sync="TRUE"></languageCode><countryCode value="ESP" Sync="TRUE"></countryCode></mdLang><distInfo><distFormat><formatName Sync="TRUE">Shapefile</formatName></distFormat><distTranOps><transSize Sync="TRUE">0.000</transSize></distTranOps></distInfo><mdHrLv><ScopeCd value="005" Sync="TRUE"></ScopeCd></mdHrLv><mdHrLvName Sync="TRUE">dataset</mdHrLvName><refSysInfo><RefSystem><refSysID><identCode code="4258" Sync="TRUE"></identCode><idCodeSpace Sync="TRUE">EPSG</idCodeSpace><idVersion Sync="TRUE">9.1.1(4.0.0)</idVersion></refSysID></RefSystem></refSysInfo><spatRepInfo><VectSpatRep><geometObjs Name="47047_RECFE"><geoObjTyp><GeoObjTypCd value="002" Sync="TRUE"></GeoObjTypCd></geoObjTyp><geoObjCnt Sync="TRUE">0</geoObjCnt></geometObjs><topLvl><TopoLevCd value="001" Sync="TRUE"></TopoLevCd></topLvl></VectSpatRep></spatRepInfo><spdoinfo><ptvctinf><esriterm Name="47047_RECFE"><efeatyp Sync="TRUE">Simple</efeatyp><efeageom code="4" Sync="TRUE"></efeageom><esritopo Sync="TRUE">FALSE</esritopo><efeacnt Sync="TRUE">0</efeacnt><spindex Sync="TRUE">FALSE</spindex><linrefer Sync="TRUE">FALSE</linrefer></esriterm></ptvctinf></spdoinfo><eainfo><detailed Name="47047_RECFE"><enttyp><enttypl Sync="TRUE">47047_RECFE</enttypl><enttypt Sync="TRUE">Feature Class</enttypt><enttypc Sync="TRUE">0</enttypc></enttyp><attr><attrlabl Sync="TRUE">FID</attrlabl><attalias Sync="TRUE">FID</attalias><attrtype Sync="TRUE">OID</attrtype><attwidth Sync="TRUE">4</attwidth><atprecis Sync="TRUE">0</atprecis><attscale Sync="TRUE">0</attscale><attrdef Sync="TRUE">Internal feature number.</attrdef><attrdefs Sync="TRUE">Esri</attrdefs><attrdomv><udom Sync="TRUE">Sequential unique whole numbers that are automatically generated.</udom></attrdomv></attr><attr><attrlabl Sync="TRUE">Shape</attrlabl><attalias Sync="TRUE">Shape</attalias><attrtype Sync="TRUE">Geometry</attrtype><attwidth Sync="TRUE">0</attwidth><atprecis Sync="TRUE">0</atprecis><attscale Sync="TRUE">0</attscale><attrdef Sync="TRUE">Feature geometry.</attrdef><attrdefs Sync="TRUE">Esri</attrdefs><attrdomv><udom Sync="TRUE">Coordinates defining the features.</udom></attrdomv></attr><attr><attrlabl Sync="TRUE">DN_OID</attrlabl><attalias Sync="TRUE">DN_OID</attalias><attrtype Sync="TRUE">Integer</attrtype><attwidth Sync="TRUE">10</attwidth><atprecis Sync="TRUE">10</atprecis><attscale Sync="TRUE">0</attscale></attr><attr><attrlabl Sync="TRUE">SUPERFICIE</attrlabl><attalias Sync="TRUE">SUPERFICIE</attalias><attrtype Sync="TRUE">Double</attrtype><attwidth Sync="TRUE">19</attwidth><atprecis Sync="TRUE">0</atprecis><attscale Sync="TRUE">0</attscale></attr><attr><attrlabl Sync="TRUE">PERIMETRO</attrlabl><attalias Sync="TRUE">PERIMETRO</attalias><attrtype Sync="TRUE">Double</attrtype><attwidth Sync="TRUE">19</attwidth><atprecis Sync="TRUE">0</atprecis><attscale Sync="TRUE">0</attscale></attr><attr><attrlabl Sync="TRUE">PROVINCIA</attrlabl><attalias Sync="TRUE">PROVINCIA</attalias><attrtype Sync="TRUE">Integer</attrtype><attwidth Sync="TRUE">5</attwidth><atprecis Sync="TRUE">5</atprecis><attscale Sync="TRUE">0</attscale></attr><attr><attrlabl Sync="TRUE">MUNICIPIO</attrlabl><attalias Sync="TRUE">MUNICIPIO</attalias><attrtype Sync="TRUE">Integer</attrtype><attwidth Sync="TRUE">5</attwidth><atprecis Sync="TRUE">5</atprecis><attscale Sync="TRUE">0</attscale></attr><attr><attrlabl Sync="TRUE">AGREGADO</attrlabl><attalias Sync="TRUE">AGREGADO</attalias><attrtype Sync="TRUE">Integer</attrtype><attwidth Sync="TRUE">5</attwidth><atprecis Sync="TRUE">5</atprecis><attscale Sync="TRUE">0</attscale></attr><attr><attrlabl Sync="TRUE">ZONA</attrlabl><attalias Sync="TRUE">ZONA</attalias><attrtype Sync="TRUE">Integer</attrtype><attwidth Sync="TRUE">5</attwidth><atprecis Sync="TRUE">5</atprecis><attscale Sync="TRUE">0</attscale></attr><attr><attrlabl Sync="TRUE">POLIGONO</attrlabl><attalias Sync="TRUE">POLIGONO</attalias><attrtype Sync="TRUE">Integer</attrtype><attwidth Sync="TRUE">5</attwidth><atprecis Sync="TRUE">5</atprecis><attscale Sync="TRUE">0</attscale></attr><attr><attrlabl Sync="TRUE">PARCELA</attrlabl><attalias Sync="TRUE">PARCELA</attalias><attrtype Sync="TRUE">Integer</attrtype><attwidth Sync="TRUE">10</attwidth><atprecis Sync="TRUE">10</atprecis><attscale Sync="TRUE">0</attscale></attr><attr><attrlabl Sync="TRUE">RECINTO</attrlabl><attalias Sync="TRUE">RECINTO</attalias><attrtype Sync="TRUE">Integer</attrtype><attwidth Sync="TRUE">10</attwidth><atprecis Sync="TRUE">10</atprecis><attscale Sync="TRUE">0</attscale></attr><attr><attrlabl Sync="TRUE">USO_SIGPAC</attrlabl><attalias Sync="TRUE">USO_SIGPAC</attalias><attrtype Sync="TRUE">String</attrtype><attwidth Sync="TRUE">2</attwidth><atprecis Sync="TRUE">0</atprecis><attscale Sync="TRUE">0</attscale></attr><attr><attrlabl Sync="TRUE">COEF_REGAD</attrlabl><attalias Sync="TRUE">COEF_REGAD</attalias><attrtype Sync="TRUE">Integer</attrtype><attwidth Sync="TRUE">5</attwidth><atprecis Sync="TRUE">5</atprecis><attscale Sync="TRUE">0</attscale></attr><attr><attrlabl Sync="TRUE">C_REFREC</attrlabl><attalias Sync="TRUE">C_REFREC</attalias><attrtype Sync="TRUE">String</attrtype><attwidth Sync="TRUE">23</attwidth><atprecis Sync="TRUE">0</atprecis><attscale Sync="TRUE">0</attscale></attr><attr><attrlabl Sync="TRUE">PROVMUNI</attrlabl><attalias Sync="TRUE">PROVMUNI</attalias><attrtype Sync="TRUE">String</attrtype><attwidth Sync="TRUE">5</attwidth><atprecis Sync="TRUE">0</atprecis><attscale Sync="TRUE">0</attscale></attr><attr><attrlabl Sync="TRUE">Shape_Leng</attrlabl><attalias Sync="TRUE">Shape_Leng</attalias><attrtype Sync="TRUE">Double</attrtype><attwidth Sync="TRUE">19</attwidth><atprecis Sync="TRUE">0</atprecis><attscale Sync="TRUE">0</attscale></attr><attr><attrlabl Sync="TRUE">Shape_Area</attrlabl><attalias Sync="TRUE">Shape_Area</attalias><attrtype Sync="TRUE">Double</attrtype><attwidth Sync="TRUE">19</attwidth><atprecis Sync="TRUE">0</atprecis><attscale Sync="TRUE">0</attscale><attrdef Sync="TRUE">Area of feature in internal units squared.</attrdef><attrdefs Sync="TRUE">Esri</attrdefs><attrdomv><udom Sync="TRUE">Positive real numbers that are automatically generated.</udom></attrdomv></attr></detailed></eainfo><mdDateSt Sync="TRUE">20200321</mdDateSt></metadata>
